mask,accel_requested,frac,accel_realised,sampled_lines,seed,mainlobe_fwhm,peak_sidelobe_ratio,sidelobe_energy_fraction,coherence_index
full,1.0,,1.0,256,,1.0,0.0,0.0,0.0
uniform,2.0,,2.0,128,,1.0,1.0,0.5,253.00000000000003
uniform,3.0,,3.011764705882353,85,,1.003937801648346,0.8282895188808512,0.6679585334794111,29.259186496506256
uniform,4.0,,4.0,64,,1.0,1.0,0.75,84.33333333333334
uniform,6.0,,5.953488372093023,43,,1.007818827799717,1.0,0.8320110302003585,18.547162443323394
uniform,8.0,,8.0,32,,1.0,1.0,0.875,36.142857142857146
uniform_acs,2.0,,1.8285714285714285,140,,1.092286074651199,0.8285714285714286,0.41834245981784557,58.34001840767572
uniform_acs,3.0,,2.5346534653465347,101,,1.1897113456359114,0.6174329586490641,0.5191551662998724,20.554631083476092
uniform_acs,4.0,,3.1219512195121952,82,,1.2761544694411862,0.7073170731707317,0.545683483803307,23.56904506849979
uniform_acs,6.0,,4.063492063492063,63,,1.444438685944612,0.6190476190476191,0.5385309014548696,12.690863726877089
uniform_acs,8.0,,4.830188679245283,53,,1.6405520508815907,0.5471698113207547,0.5139669616925538,10.840702796591168
random,2.0,,2.0,128,0.0,1.0595350739044254,0.1467412750190245,0.49562752709178226,2.668089113833998
random,3.0,,3.011764705882353,85,0.0,1.110945948235747,0.20818190817012353,0.6553962805854455,2.6287337461417755
random,4.0,,4.0,64,0.0,1.0843869004194917,0.2047239417875505,0.7469720301275161,2.0794335614422916
random,6.0,,5.953488372093023,43,0.0,1.1029593399510171,0.34022506921945167,0.8291039247417131,2.7496999229426047
random,8.0,,8.0,32,0.0,1.2301511318452072,0.3985017693530075,0.8613116089903986,2.7286602831111404
vardens,2.0,,2.0,128,0.0,2.078730310008731,0.08621872734963316,0.22953328286426,2.2375130464641027
vardens,3.0,,3.011764705882353,85,0.0,2.6166723106843808,0.15284656293975607,0.3625007230024461,2.604390729326232
vardens,4.0,,4.0,64,0.0,2.9878485932783567,0.2057892318278708,0.42962887554007817,2.786025143375713
vardens,6.0,,5.953488372093023,43,0.0,3.547975528661631,0.2285562617357347,0.4623118399494052,2.3314445750117687
vardens,8.0,,8.0,32,0.0,7.126445970666286,0.2792381895022418,0.4216235455810795,2.584255559643992
lowpass,2.0,,2.0,128,,2.4292430994278496,0.2122545352700706,0.09469491976576525,19.176733633344114
lowpass,3.0,,3.011764705882353,85,,3.596806684307742,0.20565321185182014,0.09683705621497252,10.96216515660342
lowpass,4.0,,4.0,64,,4.812359275116492,0.21239845973980112,0.09695986973145507,9.260229607832052
lowpass,6.0,,5.953488372093023,43,,7.170044990458969,0.21084730587529024,0.09688693262685416,6.479374875576116
lowpass,8.0,,8.0,32,,9.648584658064713,0.21452729526571745,0.09684275127814179,5.347004196171152
partial_fourier,1.8181818181818181,0.55,1.8156028368794326,141,,2.294197494767934,0.17103481202011656,0.0815151808734751,13.517727750633597
partial_fourier,1.6,0.625,1.6,160,,1.8887160654748703,0.1273751015443507,0.0524255984932297,12.62175634771461
partial_fourier,1.3333333333333333,0.75,1.3333333333333333,192,,1.4288020196807945,0.07079948657993371,0.032319956577151684,9.260229607832052
