N,naive_dft_s,radix2_fft_s,numpy_fft_s,N2,NlogN,speedup_numpy_vs_naive,speedup_radix2_vs_naive
8,7.450199218661524e-06,2.839910937524337e-05,3.736079101424039e-06,64,24.0,1.9941224520170935,0.2623391853674171
16,1.2545664062280082e-05,3.855821874765297e-05,3.871124023557826e-06,256,64.0,3.2408323747658607,0.3253693886739447
32,3.178398437597707e-05,4.796829687592208e-05,3.962045898475708e-06,1024,160.0,8.022114127502944,0.6626039790028734
64,0.00013188831250943167,6.0929718753044426e-05,4.18775585941944e-06,4096,384.0,31.493792125626854,2.1645974281284817
128,0.00048258368749998226,7.656539062494971e-05,5.144489257702389e-06,16384,896.0,93.80594716520253,6.302895911076653
256,0.001913338250005836,9.879381250144093e-05,6.205863281261159e-06,65536,2048.0,308.3113764016094,19.3669846477271
512,0.009956052000006821,0.00012571981250175668,8.423343749619505e-06,262144,4608.0,1181.9595989367704,79.19238664047248
1024,0.03856924499996239,0.00019066093750552682,1.3035246093195951e-05,1048576,10240.0,2958.8428729469483,202.29232848938636
2048,0.15124787500008097,0.0002734996874949047,3.056740234352873e-05,4194304,22528.0,4948.0120456523155,553.0093156062517
