image,N,R,accel_realised,predicted_N_over_R,measured_psf_px,measured_image_px,abs_error_psf_px,abs_error_image_px,n_psf_peaks
brain,256,2,2.0,128.0,128.0,128.0,0.0,0.0,2
brain,256,3,3.011764705882353,85.33333333333333,85.10226828449274,85.10226828449274,0.2310650488405912,0.2310650488405912,3
brain,256,4,4.0,64.0,64.0,64.0,0.0,0.0,4
brain,256,6,5.953488372093023,42.666666666666664,42.90453643278211,42.904536432782116,0.23786976611544475,0.23786976611545185,6
brain,256,8,8.0,32.0,32.0,32.0,0.0,0.0,8
phantom,256,2,2.0,128.0,128.0,128.0,0.0,0.0,2
phantom,256,3,3.011764705882353,85.33333333333333,85.10226828449274,85.10226828449274,0.2310650488405912,0.2310650488405912,3
phantom,256,4,4.0,64.0,64.0,64.0,0.0,0.0,4
phantom,256,6,5.953488372093023,42.666666666666664,42.90453643278211,42.904536432782116,0.23786976611544475,0.23786976611545185,6
phantom,256,8,8.0,32.0,32.0,32.0,0.0,0.0,8
