experiment,image,phase_mode,mask,accel_requested,accel_realised,sampled_lines,frac,recon,window,seed,nrmse,psnr,ssim,artifact_power,edge_preservation,ringing_index,mainlobe_fwhm,peak_sidelobe_ratio,sidelobe_energy_fraction,coherence_index
E1,brain,none,full,1.0,1.0,256,,zerofill,rect,,2.8832421826300224e-16,326.50735021532176,0.999999999999997,8.313085483697147e-32,1.0,5.1316761684792076e-17,1.0,0.0,0.0,0.0
E1,brain,none,full,1.0,1.0,256,,cs_fista,rect,,0.016774760868517324,51.21184592261305,0.9962039701944853,0.0002813926021959404,0.9994042301233036,0.0034284013360726543,1.0,0.0,0.0,0.0
E1,brain,none,uniform,2.0,2.0,128,,zerofill,rect,,0.5715287049520503,20.564211725980755,0.6767807718059108,0.3266450605841682,0.7024418809485025,0.09161882458836307,1.0,1.0,0.5,253.00000000000003
E1,brain,none,uniform,2.0,2.0,128,,cs_fista,rect,,0.5718308970514294,20.55962033184505,0.6736985822980849,0.3269905748226429,0.7012431744344864,0.09134042830672744,1.0,1.0,0.5,253.00000000000003
E1,brain,none,uniform,3.0,3.011764705882353,85,,zerofill,rect,,0.6744051576964479,19.12655501891114,0.6073067562116486,0.4548223167275713,0.5704972807331825,0.10001433151004968,1.003937801648346,0.8282895188808512,0.6679585334794111,29.259186496506256
E1,brain,none,uniform,3.0,3.011764705882353,85,,cs_fista,rect,,0.7346056539709769,18.383887346875593,0.49595265621987755,0.5396454668461272,0.46830375032213073,0.11001346224386191,1.003937801648346,0.8282895188808512,0.6679585334794111,29.259186496506256
E1,brain,none,uniform,4.0,4.0,64,,zerofill,rect,,0.705215849805983,18.738531388105407,0.5716651139599842,0.4973293948175755,0.47917046927111256,0.10462092441321245,1.0,1.0,0.75,84.33333333333334
E1,brain,none,uniform,4.0,4.0,64,,cs_fista,rect,,0.7055390777270113,18.73455121827672,0.5722691845342383,0.4977853901998819,0.4769170896706943,0.10399067909380222,1.0,1.0,0.75,84.33333333333334
E1,brain,none,uniform,6.0,5.953488372093023,43,,zerofill,rect,,0.7319694542824251,18.415113520143287,0.547515033456573,0.5357792820025117,0.3935958376605132,0.09925140433985422,1.007818827799717,1.0,0.8320110302003585,18.547162443323394
E1,brain,none,uniform,6.0,5.953488372093023,43,,cs_fista,rect,,0.7643991462532305,18.038568812681202,0.4933826850071419,0.5843060547926686,0.31966764061701836,0.11178635198670488,1.007818827799717,1.0,0.8320110302003585,18.547162443323394
E1,brain,none,uniform,8.0,8.0,32,,zerofill,rect,,0.7457783765619624,18.252776937681723,0.5431465036125365,0.5561853869473969,0.34329419755233376,0.09014142579051977,1.0,1.0,0.875,36.142857142857146
E1,brain,none,uniform,8.0,8.0,32,,cs_fista,rect,,0.7461115119746149,18.248897861217493,0.5490482467167574,0.5566823883010467,0.33918577808287514,0.08935495307857569,1.0,1.0,0.875,36.142857142857146
E1,brain,none,uniform_acs,2.0,1.8285714285714285,140,,zerofill,rect,,0.19279422239801539,30.003092380210965,0.786833732448053,0.03716961219005545,0.8888851378846027,0.032895926896003964,1.092286074651199,0.8285714285714286,0.41834245981784557,58.34001840767572
E1,brain,none,uniform_acs,2.0,1.8285714285714285,140,,cs_fista,rect,,0.15198022734129277,32.069230882819866,0.8908006398743703,0.023097989502711063,0.9288863316874127,0.02088362871305391,1.092286074651199,0.8285714285714286,0.41834245981784557,58.34001840767572
E1,brain,none,uniform_acs,3.0,2.5346534653465347,101,,zerofill,rect,,0.21418795146722347,29.089071935505135,0.732507497742579,0.04587647855372573,0.8522075352414096,0.027466684722169444,1.1897113456359114,0.6174329586490641,0.5191551662998724,20.554631083476092
E1,brain,none,uniform_acs,3.0,2.5346534653465347,101,,cs_fista,rect,,0.1499346387601205,32.18693312636234,0.8603057103810596,0.022480395900127844,0.9274779626707635,0.017367285760734215,1.1897113456359114,0.6174329586490641,0.5191551662998724,20.554631083476092
E1,brain,none,uniform_acs,4.0,3.1219512195121952,82,,zerofill,rect,,0.23082576371943087,28.439287056011366,0.7202978618958708,0.05328053319665858,0.8209851355739985,0.028771496578968166,1.2761544694411862,0.7073170731707317,0.545683483803307,23.56904506849979
E1,brain,none,uniform_acs,4.0,3.1219512195121952,82,,cs_fista,rect,,0.1947753042982548,29.914294848765284,0.8265492163196317,0.0379374191644778,0.8910429456041545,0.022322199356759883,1.2761544694411862,0.7073170731707317,0.545683483803307,23.56904506849979
E1,brain,none,uniform_acs,6.0,4.063492063492063,63,,zerofill,rect,,0.2403833133139101,28.086886339971713,0.7248228044165641,0.057784137319773554,0.7990554424738462,0.027425499375078512,1.444438685944612,0.6190476190476191,0.5385309014548696,12.690863726877089
E1,brain,none,uniform_acs,6.0,4.063492063492063,63,,cs_fista,rect,,0.21101221504941736,29.218820750967204,0.7959041183217382,0.044526154900061614,0.8594220898263231,0.021720620106014266,1.444438685944612,0.6190476190476191,0.5385309014548696,12.690863726877089
E1,brain,none,uniform_acs,8.0,4.830188679245283,53,,zerofill,rect,,0.24763675807495997,27.82867048255328,0.7153379605050413,0.061323963949876305,0.7880527276542331,0.0257770783246839,1.6405520508815907,0.5471698113207547,0.5139669616925538,10.840702796591168
E1,brain,none,uniform_acs,8.0,4.830188679245283,53,,cs_fista,rect,,0.2371935737496293,28.20291430768638,0.8175800455639654,0.056260791428120877,0.8325916358110447,0.018533632390336036,1.6405520508815907,0.5471698113207547,0.5139669616925538,10.840702796591168
E1,brain,none,random,2.0,2.0,128,,zerofill,rect,0.0,0.5414104232886953,21.03444042726409,0.6187454526346252,0.29312524644564447,0.8183226606206729,0.09209003451813572,1.0595350739044254,0.1467412750190245,0.49562752709178226,2.668089113833998
E1,brain,none,random,2.0,2.0,128,,cs_fista,rect,0.0,0.3156066886031032,25.72204870780038,0.7030074181655119,0.09960758189101632,0.9374285934748592,0.056940723878729685,1.0595350739044254,0.1467412750190245,0.49562752709178226,2.668089113833998
E1,brain,none,random,3.0,3.011764705882353,85,,zerofill,rect,0.0,0.6226783698431569,19.81969708376408,0.5658376280183971,0.38772835227053176,0.7170062151531126,0.09151370411015616,1.110945948235747,0.20818190817012353,0.6553962805854455,2.6287337461417755
E1,brain,none,random,3.0,3.011764705882353,85,,cs_fista,rect,0.0,0.5071993009924738,21.601399752359,0.6230002441429715,0.2572511309272544,0.8531662288373528,0.07556691561505206,1.110945948235747,0.20818190817012353,0.6553962805854455,2.6287337461417755
E1,brain,none,random,4.0,4.0,64,,zerofill,rect,0.0,0.6477592361505042,19.476700396387713,0.5743309858733797,0.4195920280182852,0.6428093114488664,0.10081493171267035,1.0843869004194917,0.2047239417875505,0.7469720301275161,2.0794335614422916
E1,brain,none,random,4.0,4.0,64,,cs_fista,rect,0.0,0.5802008081857036,20.43340609092059,0.5389166663935484,0.33663297781934376,0.7779891129125486,0.09822397140899254,1.0843869004194917,0.2047239417875505,0.7469720301275161,2.0794335614422916
E1,brain,none,random,6.0,5.953488372093023,43,,zerofill,rect,0.0,0.6242254016157962,19.79814393035135,0.5821489304231129,0.38965735202240254,0.5923153759973999,0.07975843072052632,1.1029593399510171,0.34022506921945167,0.8291039247417131,2.7496999229426047
E1,brain,none,random,6.0,5.953488372093023,43,,cs_fista,rect,0.0,0.572819939028211,20.544610144764626,0.5268298004016853,0.328122682548284,0.6930388786965725,0.07753272480487801,1.1029593399510171,0.34022506921945167,0.8291039247417131,2.7496999229426047
E1,brain,none,random,8.0,8.0,32,,zerofill,rect,0.0,0.7162912725144354,18.60317948659576,0.5509405107413508,0.5130731870803495,0.4503224783589226,0.09654594582637605,1.2301511318452072,0.3985017693530075,0.8613116089903986,2.7286602831111404
E1,brain,none,random,8.0,8.0,32,,cs_fista,rect,0.0,0.7073755700941452,18.71197154012018,0.485211326876046,0.5003801971660173,0.4750623858655005,0.10404256224164819,1.2301511318452072,0.3985017693530075,0.8613116089903986,2.7286602831111404
E1,brain,none,vardens,2.0,2.0,128,,zerofill,rect,0.0,0.06597591271263571,39.31726453968192,0.882057113391373,0.0043528210582653324,0.9851061739585174,0.011520636873346512,2.078730310008731,0.08621872734963316,0.22953328286426,2.2375130464641027
E1,brain,none,vardens,2.0,2.0,128,,cs_fista,rect,0.0,0.062091015650695504,39.844397402108086,0.9904361611686999,0.003855294224534916,0.9961731146271857,0.004463148266227422,2.078730310008731,0.08621872734963316,0.22953328286426,2.2375130464641027
E1,brain,none,vardens,3.0,3.011764705882353,85,,zerofill,rect,0.0,0.14634493651238634,32.39741866758233,0.767403003255675,0.021416840442814406,0.9449445454750341,0.02461630328319173,2.6166723106843808,0.15284656293975607,0.3625007230024461,2.604390729326232
E1,brain,none,vardens,3.0,3.011764705882353,85,,cs_fista,rect,0.0,0.08317134918480418,37.30549774805912,0.9794984464298278,0.006917473325220635,0.986684153598459,0.0050119406761538,2.6166723106843808,0.15284656293975607,0.3625007230024461,2.604390729326232
E1,brain,none,vardens,4.0,4.0,64,,zerofill,rect,0.0,0.20211741626054572,29.592897922007154,0.7286040818813491,0.04085144995583877,0.8935054675514952,0.030014793247694245,2.9878485932783567,0.2057892318278708,0.42962887554007817,2.786025143375713
E1,brain,none,vardens,4.0,4.0,64,,cs_fista,rect,0.0,0.11186761198865673,34.73088533122158,0.9401625127569317,0.012514362612044673,0.9638851648738527,0.007849585554444309,2.9878485932783567,0.2057892318278708,0.42962887554007817,2.786025143375713
E1,brain,none,vardens,6.0,5.953488372093023,43,,zerofill,rect,0.0,0.2593137080242803,27.428463172043863,0.6958967274396667,0.06724359916930178,0.8138846954279174,0.02965388496347222,3.547975528661631,0.2285562617357347,0.4623118399494052,2.3314445750117687
E1,brain,none,vardens,6.0,5.953488372093023,43,,cs_fista,rect,0.0,0.17151503962813344,31.01892851918601,0.8315584650877439,0.02941740881864021,0.9110099779188888,0.013263892774501308,3.547975528661631,0.2285562617357347,0.4623118399494052,2.3314445750117687
E1,brain,none,vardens,8.0,8.0,32,,zerofill,rect,0.0,0.28205869955776974,26.69818269428709,0.7058633291617602,0.0795571099962203,0.7564064222203801,0.02521094236585876,7.126445970666286,0.2792381895022418,0.4216235455810795,2.584255559643992
E1,brain,none,vardens,8.0,8.0,32,,cs_fista,rect,0.0,0.24162255109588915,28.04222337165094,0.7887987818469356,0.058381457198085615,0.8167942757561547,0.015352414395941899,7.126445970666286,0.2792381895022418,0.4216235455810795,2.584255559643992
E1,brain,none,lowpass,2.0,2.0,128,,zerofill,rect,,0.03868535692148226,43.95404051660656,0.9874924698861929,0.0014965568401424775,0.9931876283908617,0.003579010485004081,2.4292430994278496,0.2122545352700706,0.09469491976576525,19.176733633344114
E1,brain,none,lowpass,2.0,2.0,128,,cs_fista,rect,,0.09785890730957832,35.89296543663099,0.9823738653068221,0.009576365739824646,0.9796982538593938,0.004924411435147085,2.4292430994278496,0.2122545352700706,0.09469491976576525,19.176733633344114
E1,brain,none,lowpass,3.0,3.011764705882353,85,,zerofill,rect,,0.08671998000748696,36.942589297764286,0.9537110708859625,0.007520354932498949,0.957372014356879,0.005713690185014986,3.596806684307742,0.20565321185182014,0.09683705621497252,10.96216515660342
E1,brain,none,lowpass,3.0,3.011764705882353,85,,cs_fista,rect,,0.1429903296279044,32.59883933286776,0.9646199215782587,0.020446234367096774,0.9385374484058556,0.006400930714140566,3.596806684307742,0.20565321185182014,0.09683705621497252,10.96216515660342
E1,brain,none,lowpass,4.0,4.0,64,,zerofill,rect,,0.11932238712702786,34.170534016417875,0.927892039458803,0.014237832069692319,0.9240887047384105,0.005989549839526639,4.812359275116492,0.21239845973980112,0.09695986973145507,9.260229607832052
E1,brain,none,lowpass,4.0,4.0,64,,cs_fista,rect,,0.18579721046129635,30.32418889404876,0.9415089015733751,0.0345206034151993,0.8841895532490099,0.005895905103895982,4.812359275116492,0.21239845973980112,0.09695986973145507,9.260229607832052
E1,brain,none,lowpass,6.0,5.953488372093023,43,,zerofill,rect,,0.16373502411071272,31.422140917341395,0.8785456677174631,0.026809158120535703,0.8740946519595432,0.008265507157482527,7.170044990458969,0.21084730587529024,0.09688693262685416,6.479374875576116
E1,brain,none,lowpass,6.0,5.953488372093023,43,,cs_fista,rect,,0.2367723781496584,28.218351954402472,0.9097712018247494,0.05606115905464491,0.8124231946477224,0.008099446306492515,7.170044990458969,0.21084730587529024,0.09688693262685416,6.479374875576116
E1,brain,none,lowpass,8.0,8.0,32,,zerofill,rect,,0.20781194511795617,29.351562531836667,0.8215558541292721,0.043185804533708474,0.8204654184590074,0.010096812623039792,9.648584658064713,0.21452729526571745,0.09684275127814179,5.347004196171152
E1,brain,none,lowpass,8.0,8.0,32,,cs_fista,rect,,0.29702515960958503,26.249107920676003,0.8333797149654151,0.08822394544109953,0.7394547681306058,0.007911981715043648,9.648584658064713,0.21452729526571745,0.09684275127814179,5.347004196171152
E1,brain,none,partial_fourier,1.8181818181818181,1.8156028368794326,141,0.55,zerofill,rect,,0.13382704217398952,33.17409509213153,0.8775673230328543,0.017909677217038792,0.9508994448705457,0.01596021873055327,2.294197494767934,0.17103481202011656,0.0815151808734751,13.517727750633597
E1,brain,none,partial_fourier,1.8181818181818181,1.8156028368794326,141,0.55,cs_fista,rect,,0.09867104007512378,35.821178558141014,0.9734124192932218,0.0097359741495067,0.9676489961737628,0.007056354592698652,2.294197494767934,0.17103481202011656,0.0815151808734751,13.517727750633597
E1,brain,none,partial_fourier,1.6,1.6,160,0.625,zerofill,rect,,0.062293104673472266,39.8161731482589,0.9668212038698635,0.0038804308898601775,0.9804276358769266,0.006004061089640355,1.8887160654748703,0.1273751015443507,0.0524255984932297,12.62175634771461
E1,brain,none,partial_fourier,1.6,1.6,160,0.625,cs_fista,rect,,0.06457853914771365,39.50320834970615,0.9885484102819412,0.004170387718452792,0.9860589543286254,0.004936606951950525,1.8887160654748703,0.1273751015443507,0.0524255984932297,12.62175634771461
E1,brain,none,partial_fourier,1.3333333333333333,1.3333333333333333,192,0.75,zerofill,rect,,0.020834253620151615,49.32941374671537,0.9940701315524048,0.00043406612390880107,0.9979983226688666,0.00265555575912229,1.4288020196807945,0.07079948657993371,0.032319956577151684,9.260229607832052
E1,brain,none,partial_fourier,1.3333333333333333,1.3333333333333333,192,0.75,cs_fista,rect,,0.03710096085952005,44.317269532403365,0.994476005874116,0.0013764812966996398,0.9973964711601979,0.004202982926075663,1.4288020196807945,0.07079948657993371,0.032319956577151684,9.260229607832052
E1,brain,smooth,full,1.0,1.0,256,,zerofill,rect,,2.679370660633357e-16,327.14431672929754,1.0000000000000029,7.179027137062838e-32,1.0,4.7900329405789736e-17,1.0,0.0,0.0,0.0
E1,brain,smooth,full,1.0,1.0,256,,cs_fista,rect,,0.01626284631008623,51.48104152367413,0.9964559731563775,0.00026448017010548535,0.999455729269772,0.003305767555672208,1.0,0.0,0.0,0.0
E1,brain,smooth,uniform,2.0,2.0,128,,zerofill,rect,,0.6104673677499454,19.991723601372545,0.6508596337363238,0.37267040708754734,0.6857304488236953,0.08974107458102001,1.0,1.0,0.5,253.00000000000003
E1,brain,smooth,uniform,2.0,2.0,128,,cs_fista,rect,,0.6114363432602933,19.977947694100525,0.6480189803172993,0.37385440185951924,0.6850661188559775,0.08956801665220507,1.0,1.0,0.5,253.00000000000003
E1,brain,smooth,uniform,3.0,3.011764705882353,85,,zerofill,rect,,0.7003976009457181,18.798079682476992,0.5803738440369903,0.4905567994105177,0.547226585067415,0.09718884966868456,1.003937801648346,0.8282895188808512,0.6679585334794111,29.259186496506256
E1,brain,smooth,uniform,3.0,3.011764705882353,85,,cs_fista,rect,,0.7206570684086075,18.550399665747612,0.4982179190904401,0.5193466102472889,0.4445577007374401,0.10252389178795508,1.003937801648346,0.8282895188808512,0.6679585334794111,29.259186496506256
E1,brain,smooth,uniform,4.0,4.0,64,,zerofill,rect,,0.729283496270221,18.447044967922455,0.5527953869661497,0.5318544179321181,0.464174201829371,0.09312928852051282,1.0,1.0,0.75,84.33333333333334
E1,brain,smooth,uniform,4.0,4.0,64,,cs_fista,rect,,0.7302626293057333,18.435391149500123,0.5539211079290048,0.5332835077605228,0.4632336614444983,0.09258600438011216,1.0,1.0,0.75,84.33333333333334
E1,brain,smooth,uniform,6.0,5.953488372093023,43,,zerofill,rect,,0.7583581274212589,18.107485768860435,0.5445397575650913,0.5751070494258786,0.37199942498559957,0.08652521532554673,1.007818827799717,1.0,0.8320110302003585,18.547162443323394
E1,brain,smooth,uniform,6.0,5.953488372093023,43,,cs_fista,rect,,0.7646797726880271,18.03538063156205,0.510793584001187,0.5847351547582134,0.3118634175149992,0.09019800298779866,1.007818827799717,1.0,0.8320110302003585,18.547162443323394
E1,brain,smooth,uniform,8.0,8.0,32,,zerofill,rect,,0.7704012834396323,17.970632726714495,0.5476709342108799,0.5935181375254331,0.32712497677702845,0.08205233303856578,1.0,1.0,0.875,36.142857142857146
E1,brain,smooth,uniform,8.0,8.0,32,,cs_fista,rect,,0.771414295473487,17.95921902443447,0.5523746501356427,0.5950800152608571,0.32342483523091725,0.0815589468910232,1.0,1.0,0.875,36.142857142857146
E1,brain,smooth,uniform_acs,2.0,1.8285714285714285,140,,zerofill,rect,,0.15244526269134592,32.0426940191045,0.8218579563290711,0.023239558117033484,0.9375188515916396,0.02096348653989286,1.092286074651199,0.8285714285714286,0.41834245981784557,58.34001840767572
E1,brain,smooth,uniform_acs,2.0,1.8285714285714285,140,,cs_fista,rect,,0.12565884777163247,33.72111121646812,0.8980727671405234,0.015790146023294316,0.9522659517821312,0.016324011044686938,1.092286074651199,0.8285714285714286,0.41834245981784557,58.34001840767572
E1,brain,smooth,uniform_acs,3.0,2.5346534653465347,101,,zerofill,rect,,0.1970509144442877,29.813403586898836,0.7653370766038562,0.038829062883330025,0.8854541903496403,0.025678431642481406,1.1897113456359114,0.6174329586490641,0.5191551662998724,20.554631083476092
E1,brain,smooth,uniform_acs,3.0,2.5346534653465347,101,,cs_fista,rect,,0.13002658740094514,33.424329389842185,0.8817624053639186,0.016906913431135644,0.9487284344632221,0.013543905513701231,1.1897113456359114,0.6174329586490641,0.5191551662998724,20.554631083476092
E1,brain,smooth,uniform_acs,4.0,3.1219512195121952,82,,zerofill,rect,,0.21268075145291512,29.150408956935394,0.7550881263616376,0.045233102038576695,0.8537960223460731,0.025927407414361992,1.2761544694411862,0.7073170731707317,0.545683483803307,23.56904506849979
E1,brain,smooth,uniform_acs,4.0,3.1219512195121952,82,,cs_fista,rect,,0.1543517024091245,31.934744202016766,0.8697670369777591,0.023824448036594947,0.9301846813102777,0.01695615019737235,1.2761544694411862,0.7073170731707317,0.545683483803307,23.56904506849979
E1,brain,smooth,uniform_acs,6.0,4.063492063492063,63,,zerofill,rect,,0.22869199903704818,28.519953264179772,0.7509582012373627,0.052300030423561274,0.8197097733306192,0.023574175017761486,1.444438685944612,0.6190476190476191,0.5385309014548696,12.690863726877089
E1,brain,smooth,uniform_acs,6.0,4.063492063492063,63,,cs_fista,rect,,0.17941247798139895,30.627919787976868,0.833918799705379,0.032188837255425956,0.9004066269146818,0.016429847255066514,1.444438685944612,0.6190476190476191,0.5385309014548696,12.690863726877089
E1,brain,smooth,uniform_acs,8.0,4.830188679245283,53,,zerofill,rect,,0.23835368997970324,28.160535085681488,0.7464935360013863,0.05681248152694055,0.8061430866248029,0.022716321887494517,1.6405520508815907,0.5471698113207547,0.5139669616925538,10.840702796591168
E1,brain,smooth,uniform_acs,8.0,4.830188679245283,53,,cs_fista,rect,,0.20348644839634208,29.534262843614346,0.8416020452067567,0.0414067346809572,0.8772499917007024,0.016190945736766636,1.6405520508815907,0.5471698113207547,0.5139669616925538,10.840702796591168
E1,brain,smooth,random,2.0,2.0,128,,zerofill,rect,0.0,0.6662739069674506,19.23191656937806,0.5412834957790554,0.44392091910567133,0.7833729986604252,0.10112383475033108,1.0595350739044254,0.1467412750190245,0.49562752709178226,2.668089113833998
E1,brain,smooth,random,2.0,2.0,128,,cs_fista,rect,0.0,0.46590265561237343,22.33906896113122,0.6233501331539859,0.21706528450666202,0.9249325253458272,0.07820157539534663,1.0595350739044254,0.1467412750190245,0.49562752709178226,2.668089113833998
E1,brain,smooth,random,3.0,3.011764705882353,85,,zerofill,rect,0.0,0.6926973139545787,18.89410260733106,0.5358200682835786,0.47982956875988847,0.6833947480588041,0.09278939830028451,1.110945948235747,0.20818190817012353,0.6553962805854455,2.6287337461417755
E1,brain,smooth,random,3.0,3.011764705882353,85,,cs_fista,rect,0.0,0.5520068433134684,20.866083443639873,0.5926687620865437,0.30471155506490044,0.8481432324263625,0.0793642860886559,1.110945948235747,0.20818190817012353,0.6553962805854455,2.6287337461417755
E1,brain,smooth,random,4.0,4.0,64,,zerofill,rect,0.0,0.6890097973027528,18.940464732066932,0.5407980202298633,0.47473450077918095,0.6065852387789333,0.09037201679915144,1.0843869004194917,0.2047239417875505,0.7469720301275161,2.0794335614422916
E1,brain,smooth,random,4.0,4.0,64,,cs_fista,rect,0.0,0.6036716043145062,20.08895772199341,0.524038249847012,0.36441940585565,0.7688603051088718,0.08520155958656808,1.0843869004194917,0.2047239417875505,0.7469720301275161,2.0794335614422916
E1,brain,smooth,random,6.0,5.953488372093023,43,,zerofill,rect,0.0,0.684818518305994,18.993462765868415,0.547839550201605,0.4689764030148176,0.5527227578086376,0.07550859616362851,1.1029593399510171,0.34022506921945167,0.8291039247417131,2.7496999229426047
E1,brain,smooth,random,6.0,5.953488372093023,43,,cs_fista,rect,0.0,0.6223783231040888,19.82388351628081,0.4880425727449342,0.3873547770698579,0.6640779824865133,0.07207585690458645,1.1029593399510171,0.34022506921945167,0.8291039247417131,2.7496999229426047
E1,brain,smooth,random,8.0,8.0,32,,zerofill,rect,0.0,0.7474798362625829,18.232983043428224,0.5460354698959604,0.5587261056191379,0.4302677081816812,0.0910061092777712,1.2301511318452072,0.3985017693530075,0.8613116089903986,2.7286602831111404
E1,brain,smooth,random,8.0,8.0,32,,cs_fista,rect,0.0,0.7471448387218342,18.236876665372773,0.4647756769613458,0.558225410028676,0.4188111685188147,0.09888812513314524,1.2301511318452072,0.3985017693530075,0.8613116089903986,2.7286602831111404
E1,brain,smooth,vardens,2.0,2.0,128,,zerofill,rect,0.0,0.06655880341942423,39.24086256529003,0.8798863809942333,0.004430074312625563,0.9844568423191421,0.01184444743556719,2.078730310008731,0.08621872734963316,0.22953328286426,2.2375130464641027
E1,brain,smooth,vardens,2.0,2.0,128,,cs_fista,rect,0.0,0.06300857455185256,39.716979586264955,0.9897947235990316,0.003970080467056368,0.995952254120702,0.004481963516333814,2.078730310008731,0.08621872734963316,0.22953328286426,2.2375130464641027
E1,brain,smooth,vardens,3.0,3.011764705882353,85,,zerofill,rect,0.0,0.15321007358823105,31.99922625577779,0.7526606843013359,0.023473326648911188,0.9399818344421139,0.025174541867313032,2.6166723106843808,0.15284656293975607,0.3625007230024461,2.604390729326232
E1,brain,smooth,vardens,3.0,3.011764705882353,85,,cs_fista,rect,0.0,0.0870946509617483,36.90514301856866,0.9690475122788585,0.007585478226148772,0.9843310679690997,0.0058453734134122776,2.6166723106843808,0.15284656293975607,0.3625007230024461,2.604390729326232
E1,brain,smooth,vardens,4.0,4.0,64,,zerofill,rect,0.0,0.20432644365573885,29.498481157552007,0.7283453770626359,0.04174929557700184,0.8942077661260021,0.02841183625536357,2.9878485932783567,0.2057892318278708,0.42962887554007817,2.786025143375713
E1,brain,smooth,vardens,4.0,4.0,64,,cs_fista,rect,0.0,0.11333346403594945,34.61780941567579,0.9257431676706595,0.012844474070387867,0.9645813141660978,0.008261838164850438,2.9878485932783567,0.2057892318278708,0.42962887554007817,2.786025143375713
E1,brain,smooth,vardens,6.0,5.953488372093023,43,,zerofill,rect,0.0,0.26353150030722206,27.28832198902612,0.6995160542381075,0.06944885165417544,0.8112383210974095,0.027837156306262704,3.547975528661631,0.2285562617357347,0.4623118399494052,2.3314445750117687
E1,brain,smooth,vardens,6.0,5.953488372093023,43,,cs_fista,rect,0.0,0.18912729499418138,30.16988845767189,0.8092260429409154,0.03576913371181613,0.8981406509801296,0.016355683410445285,3.547975528661631,0.2285562617357347,0.4623118399494052,2.3314445750117687
E1,brain,smooth,vardens,8.0,8.0,32,,zerofill,rect,0.0,0.28334745406987283,26.658586383646767,0.7166770757716047,0.08028577972787874,0.7567469617603199,0.02273236613088811,7.126445970666286,0.2792381895022418,0.4216235455810795,2.584255559643992
E1,brain,smooth,vardens,8.0,8.0,32,,cs_fista,rect,0.0,0.25245764595009035,27.66120211311627,0.7740479435004654,0.06373486299866121,0.8083880702520898,0.01659313348838583,7.126445970666286,0.2792381895022418,0.4216235455810795,2.584255559643992
E1,brain,smooth,lowpass,2.0,2.0,128,,zerofill,rect,,0.0384054684032073,44.01711135421416,0.987373711237981,0.001474980003269755,0.993296614507257,0.0034345008175439423,2.4292430994278496,0.2122545352700706,0.09469491976576525,19.176733633344114
E1,brain,smooth,lowpass,2.0,2.0,128,,cs_fista,rect,,0.0968900966769244,35.97938489429329,0.9823966815376466,0.00938769083406377,0.9799572053523752,0.004725912123905572,2.4292430994278496,0.2122545352700706,0.09469491976576525,19.176733633344114
E1,brain,smooth,lowpass,3.0,3.011764705882353,85,,zerofill,rect,,0.08573871114918333,37.04143366370196,0.9557170422092324,0.0073511265895231,0.9580632620067245,0.005133615282728521,3.596806684307742,0.20565321185182014,0.09683705621497252,10.96216515660342
E1,brain,smooth,lowpass,3.0,3.011764705882353,85,,cs_fista,rect,,0.14009350078868935,32.77661291953136,0.966999346413884,0.019626188963230543,0.9420350793392221,0.006210499573477378,3.596806684307742,0.20565321185182014,0.09683705621497252,10.96216515660342
E1,brain,smooth,lowpass,4.0,4.0,64,,zerofill,rect,,0.11825771647106677,34.24838290681959,0.9307273144747099,0.013984887504951228,0.9250015987243453,0.00530049392811365,4.812359275116492,0.21239845973980112,0.09695986973145507,9.260229607832052
E1,brain,smooth,lowpass,4.0,4.0,64,,cs_fista,rect,,0.18520743139568543,30.351804506426646,0.9413852532200018,0.034301792644187555,0.8838091332855664,0.005906744247518926,4.812359275116492,0.21239845973980112,0.09695986973145507,9.260229607832052
E1,brain,smooth,lowpass,6.0,5.953488372093023,43,,zerofill,rect,,0.16160762569044484,31.535735684442376,0.8802898524913073,0.02611702468130295,0.8758066944915885,0.007209528755337495,7.170044990458969,0.21084730587529024,0.09688693262685416,6.479374875576116
E1,brain,smooth,lowpass,6.0,5.953488372093023,43,,cs_fista,rect,,0.2283512699559977,28.532904054372082,0.9176045285502269,0.052144302490517,0.8223196008924564,0.007576789376541289,7.170044990458969,0.21084730587529024,0.09688693262685416,6.479374875576116
E1,brain,smooth,lowpass,8.0,8.0,32,,zerofill,rect,,0.20615365594164337,29.421151858981148,0.8242120954620035,0.04249932985810549,0.822363844004292,0.009527185489662153,9.648584658064713,0.21452729526571745,0.09684275127814179,5.347004196171152
E1,brain,smooth,lowpass,8.0,8.0,32,,cs_fista,rect,,0.2923358624234129,26.387330761563625,0.8322883895152655,0.08546025645884062,0.7448801157870402,0.008273882316774962,9.648584658064713,0.21452729526571745,0.09684275127814179,5.347004196171152
E1,brain,smooth,partial_fourier,1.8181818181818181,1.8156028368794326,141,0.55,zerofill,rect,,0.14115679262803812,32.71093704443081,0.8647519471852555,0.01992524010503497,0.9490970524862664,0.0167769196022701,2.294197494767934,0.17103481202011656,0.0815151808734751,13.517727750633597
E1,brain,smooth,partial_fourier,1.8181818181818181,1.8156028368794326,141,0.55,cs_fista,rect,,0.1050129370586373,35.28011657454493,0.9711447458890292,0.011027716949681327,0.9641777571700425,0.007597199032530884,2.294197494767934,0.17103481202011656,0.0815151808734751,13.517727750633597
E1,brain,smooth,partial_fourier,1.6,1.6,160,0.625,zerofill,rect,,0.06388180200250387,39.59742951148794,0.9661871394839958,0.004080884627087112,0.9795943643585133,0.0060769403386665925,1.8887160654748703,0.1273751015443507,0.0524255984932297,12.62175634771461
E1,brain,smooth,partial_fourier,1.6,1.6,160,0.625,cs_fista,rect,,0.06660475906840975,39.23486744614898,0.9884039792346607,0.004436193930560913,0.9849390414534285,0.005137277630469275,1.8887160654748703,0.1273751015443507,0.0524255984932297,12.62175634771461
E1,brain,smooth,partial_fourier,1.3333333333333333,1.3333333333333333,192,0.75,zerofill,rect,,0.021307527446145173,49.13431154863548,0.9937891445201358,0.00045401072586823024,0.9978694770014459,0.002760242085787064,1.4288020196807945,0.07079948657993371,0.032319956577151684,9.260229607832052
E1,brain,smooth,partial_fourier,1.3333333333333333,1.3333333333333333,192,0.75,cs_fista,rect,,0.03926531610753545,43.82479071692768,0.9945026658524354,0.0015417650490246843,0.9970088808379219,0.004259984696307457,1.4288020196807945,0.07079948657993371,0.032319956577151684,9.260229607832052
E1,phantom,none,full,1.0,1.0,256,,zerofill,rect,,3.08678512748699e-16,322.37144409600535,1.0000000000000013,9.528242423274844e-32,1.0,7.615788355493391e-17,1.0,0.0,0.0,0.0
E1,phantom,none,full,1.0,1.0,256,,cs_fista,rect,,0.005488740351970132,57.3721183436437,0.999389087454786,3.012627065134511e-05,0.9999754623270316,0.001402643700554003,1.0,0.0,0.0,0.0
E1,phantom,none,uniform,2.0,2.0,128,,zerofill,rect,,0.5852725566125728,16.814408866871155,0.7112287217068463,0.3425439655238167,0.703755181143935,0.1328189133444245,1.0,1.0,0.5,253.00000000000003
E1,phantom,none,uniform,2.0,2.0,128,,cs_fista,rect,,0.5853200453178979,16.813704126976074,0.7104162876844895,0.34259955545094545,0.703712421395359,0.1324706070995705,1.0,1.0,0.5,253.00000000000003
E1,phantom,none,uniform,3.0,3.011764705882353,85,,zerofill,rect,,0.6771731537492799,15.547577430925518,0.5480948889450238,0.45856348015874443,0.566822349293701,0.1561391951565556,1.003937801648346,0.8282895188808512,0.6679585334794111,29.259186496506256
E1,phantom,none,uniform,3.0,3.011764705882353,85,,cs_fista,rect,,0.6963448141178629,15.305085165475731,0.5169096117575612,0.48489610014883977,0.5335187941229851,0.15798346414437764,1.003937801648346,0.8282895188808512,0.6679585334794111,29.259186496506256
E1,phantom,none,uniform,4.0,4.0,64,,zerofill,rect,,0.71237794702977,15.107362745683579,0.510800963312537,0.5074823394143472,0.48870494084164096,0.15338792557157932,1.0,1.0,0.75,84.33333333333334
E1,phantom,none,uniform,4.0,4.0,64,,cs_fista,rect,,0.7124441828170974,15.106555182792485,0.5113910680953125,0.5075767136299199,0.4884739570236174,0.15268854644584862,1.0,1.0,0.75,84.33333333333334
E1,phantom,none,uniform,6.0,5.953488372093023,43,,zerofill,rect,,0.7444376468129567,14.725005525237734,0.45668683928772175,0.5541874099924108,0.3911889931648728,0.1562238989691247,1.007818827799717,1.0,0.8320110302003585,18.547162443323394
E1,phantom,none,uniform,6.0,5.953488372093023,43,,cs_fista,rect,,0.7785996383984556,14.335288124277543,0.42004585883645434,0.6062173969142038,0.3365246361246028,0.16652789071246663,1.007818827799717,1.0,0.8320110302003585,18.547162443323394
E1,phantom,none,uniform,8.0,8.0,32,,zerofill,rect,,0.7589229541611898,14.557618306599133,0.44480370148360576,0.5759640503527454,0.3360244730208181,0.14290753651926177,1.0,1.0,0.875,36.142857142857146
E1,phantom,none,uniform,8.0,8.0,32,,cs_fista,rect,,0.7590249659683824,14.556450857718131,0.44798500651223094,0.5761188989633022,0.33537792528394833,0.14156874823641064,1.0,1.0,0.875,36.142857142857146
E1,phantom,none,uniform_acs,2.0,1.8285714285714285,140,,zerofill,rect,,0.2972710280405359,22.698520377240193,0.6349639935913105,0.08837006411227678,0.8942654487219511,0.06460398349339663,1.092286074651199,0.8285714285714286,0.41834245981784557,58.34001840767572
E1,phantom,none,uniform_acs,2.0,1.8285714285714285,140,,cs_fista,rect,,0.16807264515428527,27.651631375544852,0.8623130295574775,0.02824841404915821,0.9580749238558695,0.03387231379710942,1.092286074651199,0.8285714285714286,0.41834245981784557,58.34001840767572
E1,phantom,none,uniform_acs,3.0,2.5346534653465347,101,,zerofill,rect,,0.34526048801026454,21.398634476866366,0.5632527742514161,0.11920480458108565,0.8246853477533589,0.07242071004747705,1.1897113456359114,0.6174329586490641,0.5191551662998724,20.554631083476092
E1,phantom,none,uniform_acs,3.0,2.5346534653465347,101,,cs_fista,rect,,0.1161358662970025,30.86224480131087,0.9100125177996772,0.013487539440555193,0.9810966688027596,0.017399786009942745,1.1897113456359114,0.6174329586490641,0.5191551662998724,20.554631083476092
E1,phantom,none,uniform_acs,4.0,3.1219512195121952,82,,zerofill,rect,,0.36688138226321937,20.871058605213918,0.5444130749540075,0.13460194865137007,0.7907530435720705,0.06592546029366858,1.2761544694411862,0.7073170731707317,0.545683483803307,23.56904506849979
E1,phantom,none,uniform_acs,4.0,3.1219512195121952,82,,cs_fista,rect,,0.24201858171922436,24.48459784693261,0.7480395978276396,0.05857299389738473,0.9101249509717854,0.038597067816344005,1.2761544694411862,0.7073170731707317,0.545683483803307,23.56904506849979
E1,phantom,none,uniform_acs,6.0,4.063492063492063,63,,zerofill,rect,,0.3873849826316914,20.398716461028403,0.5307167323684153,0.1500671247685554,0.751258358018734,0.06073953468908748,1.444438685944612,0.6190476190476191,0.5385309014548696,12.690863726877089
E1,phantom,none,uniform_acs,6.0,4.063492063492063,63,,cs_fista,rect,,0.2419206132229106,24.488114584438094,0.74197390474949,0.058525583102148934,0.9121916371208377,0.035639100650497656,1.444438685944612,0.6190476190476191,0.5385309014548696,12.690863726877089
E1,phantom,none,uniform_acs,8.0,4.830188679245283,53,,zerofill,rect,,0.39527231337098884,20.223644168108017,0.5211217898626013,0.15624020171765274,0.7364469904910035,0.055423074144117665,1.6405520508815907,0.5471698113207547,0.5139669616925538,10.840702796591168
E1,phantom,none,uniform_acs,8.0,4.830188679245283,53,,cs_fista,rect,,0.30992588249488096,22.3364151478736,0.6911251726501065,0.09605405264023044,0.8455827045122165,0.032394018984686676,1.6405520508815907,0.5471698113207547,0.5139669616925538,10.840702796591168
E1,phantom,none,random,2.0,2.0,128,,zerofill,rect,0.0,0.5381655030412875,17.54325496597582,0.495078401872969,0.2896221086636812,0.829723660087546,0.1303852920330261,1.0595350739044254,0.1467412750190245,0.49562752709178226,2.668089113833998
E1,phantom,none,random,2.0,2.0,128,,cs_fista,rect,0.0,0.16542624592984073,27.78948379247689,0.7002138731493445,0.02736584284244007,0.9927315358733003,0.04891110348548597,1.0595350739044254,0.1467412750190245,0.49562752709178226,2.668089113833998
E1,phantom,none,random,3.0,3.011764705882353,85,,zerofill,rect,0.0,0.6279862451554653,16.202569449040716,0.44924793895943405,0.394366724104459,0.7411336261105599,0.13910320345630608,1.110945948235747,0.20818190817012353,0.6553962805854455,2.6287337461417755
E1,phantom,none,random,3.0,3.011764705882353,85,,cs_fista,rect,0.0,0.36566150809028153,20.89998715635346,0.6442409927597855,0.1337083384988586,0.9300179649662564,0.08805678922350904,1.110945948235747,0.20818190817012353,0.6553962805854455,2.6287337461417755
E1,phantom,none,random,4.0,4.0,64,,zerofill,rect,0.0,0.6492978131221793,15.912693275116784,0.45437342190704577,0.4215876501252433,0.6497653911921428,0.13525128094783873,1.0843869004194917,0.2047239417875505,0.7469720301275161,2.0794335614422916
E1,phantom,none,random,4.0,4.0,64,,cs_fista,rect,0.0,0.44013817943988703,19.289791223374078,0.5724847776669921,0.19372161700065763,0.8910915433548857,0.10425596614226315,1.0843869004194917,0.2047239417875505,0.7469720301275161,2.0794335614422916
E1,phantom,none,random,6.0,5.953488372093023,43,,zerofill,rect,0.0,0.6603833816587277,15.765649361103542,0.4632210677533544,0.4361062107710155,0.5694439918582949,0.12682967721593372,1.1029593399510171,0.34022506921945167,0.8291039247417131,2.7496999229426047
E1,phantom,none,random,6.0,5.953488372093023,43,,cs_fista,rect,0.0,0.5378231302562713,17.548782556573087,0.4971837569771097,0.28925371943865325,0.778770669179664,0.11727128741851792,1.1029593399510171,0.34022506921945167,0.8291039247417131,2.7496999229426047
E1,phantom,none,random,8.0,8.0,32,,zerofill,rect,0.0,0.7320538687851484,14.870711274964538,0.4361771513324073,0.5359028668033018,0.4359757371397359,0.14300458322825116,1.2301511318452072,0.3985017693530075,0.8613116089903986,2.7286602831111404
E1,phantom,none,random,8.0,8.0,32,,cs_fista,rect,0.0,0.6719742047215599,15.614520038387205,0.44007122452183206,0.4515493318111716,0.5846536977006714,0.14966331922482587,1.2301511318452072,0.3985017693530075,0.8613116089903986,2.7286602831111404
E1,phantom,none,vardens,2.0,2.0,128,,zerofill,rect,0.0,0.16417489413365227,27.85543717977703,0.6662070484676276,0.026953395863795842,0.9785285195526097,0.029847717064491634,2.078730310008731,0.08621872734963316,0.22953328286426,2.2375130464641027
E1,phantom,none,vardens,2.0,2.0,128,,cs_fista,rect,0.0,0.05165531802136417,37.89927128460003,0.9948189083734088,0.002668271879888261,0.9984880016626024,0.0011588666435715731,2.078730310008731,0.08621872734963316,0.22953328286426,2.2375130464641027
E1,phantom,none,vardens,3.0,3.011764705882353,85,,zerofill,rect,0.0,0.25445194625705203,24.04945653672862,0.5821708087528795,0.0647457929540015,0.935696229895849,0.04912317158752332,2.6166723106843808,0.15284656293975607,0.3625007230024461,2.604390729326232
E1,phantom,none,vardens,3.0,3.011764705882353,85,,cs_fista,rect,0.0,0.065870863097184,35.787704998336515,0.9870847176413565,0.004338970605167942,0.9972739061296437,0.0014893369158546224,2.6166723106843808,0.15284656293975607,0.3625007230024461,2.604390729326232
E1,phantom,none,vardens,4.0,4.0,64,,zerofill,rect,0.0,0.320132138907492,22.054986552007875,0.5503046924432354,0.10248458636148546,0.876690727419797,0.05924683699857203,2.9878485932783567,0.2057892318278708,0.42962887554007817,2.786025143375713
E1,phantom,none,vardens,4.0,4.0,64,,cs_fista,rect,0.0,0.1229072912655082,30.370019129364792,0.9080675451510662,0.015106202246224429,0.9838647155659105,0.009604235308697227,2.9878485932783567,0.2057892318278708,0.42962887554007817,2.786025143375713
E1,phantom,none,vardens,6.0,5.953488372093023,43,,zerofill,rect,0.0,0.3968874394271465,20.188224983870448,0.5190692408831599,0.1575196395750364,0.7775693571330236,0.05793982229507544,3.547975528661631,0.2285562617357347,0.4623118399494052,2.3314445750117687
E1,phantom,none,vardens,6.0,5.953488372093023,43,,cs_fista,rect,0.0,0.22383175145513648,25.163138217533874,0.7215363933811295,0.050100652959473836,0.9399750895077988,0.02217131401292,3.547975528661631,0.2285562617357347,0.4623118399494052,2.3314445750117687
E1,phantom,none,vardens,8.0,8.0,32,,zerofill,rect,0.0,0.43381627197216344,19.415455320112834,0.5342862134014452,0.18819655782782552,0.690729241475014,0.04868340262315643,7.126445970666286,0.2792381895022418,0.4216235455810795,2.584255559643992
E1,phantom,none,vardens,8.0,8.0,32,,cs_fista,rect,0.0,0.3527883584146046,21.211287167808365,0.6263772777033261,0.12445962583287115,0.824858385383128,0.03336885038716827,7.126445970666286,0.2792381895022418,0.4216235455810795,2.584255559643992
E1,phantom,none,lowpass,2.0,2.0,128,,zerofill,rect,,0.15031569386373794,28.62148555969999,0.9048344066794501,0.02259480782173692,0.9795583393116818,0.01043847073661323,2.4292430994278496,0.2122545352700706,0.09469491976576525,19.176733633344114
E1,phantom,none,lowpass,2.0,2.0,128,,cs_fista,rect,,0.15950948282674568,28.105841939273578,0.9711606755655862,0.02544327511165578,0.9688907171869456,0.005898410491965534,2.4292430994278496,0.2122545352700706,0.09469491976576525,19.176733633344114
E1,phantom,none,lowpass,3.0,3.011764705882353,85,,zerofill,rect,,0.19864946660803243,26.19982401252083,0.8252436116263935,0.03946161058365568,0.9513546004702416,0.015110198682546112,3.596806684307742,0.20565321185182014,0.09683705621497252,10.96216515660342
E1,phantom,none,lowpass,3.0,3.011764705882353,85,,cs_fista,rect,,0.2302087110132459,24.919137014998242,0.9437810973976524,0.052996050626380006,0.9379027573225922,0.005230954671503407,3.596806684307742,0.20565321185182014,0.09683705621497252,10.96216515660342
E1,phantom,none,lowpass,4.0,4.0,64,,zerofill,rect,,0.24115100939687587,24.51579039581047,0.7991614286777323,0.058153809333131946,0.8964293828141102,0.01513904357354961,4.812359275116492,0.21239845973980112,0.09695986973145507,9.260229607832052
E1,phantom,none,lowpass,4.0,4.0,64,,cs_fista,rect,,0.2850446349000109,23.06331465513707,0.9057096124038352,0.08125044388528022,0.8728872963701062,0.006133912350760007,4.812359275116492,0.21239845973980112,0.09695986973145507,9.260229607832052
E1,phantom,none,lowpass,6.0,5.953488372093023,43,,zerofill,rect,,0.2984689770515878,22.663588135531224,0.7191233487888073,0.08908373026222095,0.822408456024823,0.018902219925074116,7.170044990458969,0.21084730587529024,0.09688693262685416,6.479374875576116
E1,phantom,none,lowpass,6.0,5.953488372093023,43,,cs_fista,rect,,0.3235258517639741,21.963392292569672,0.8759745090749026,0.10466897675960458,0.8303134851446334,0.006051579125798361,7.170044990458969,0.21084730587529024,0.09688693262685416,6.479374875576116
E1,phantom,none,lowpass,8.0,8.0,32,,zerofill,rect,,0.3605017856387899,21.023423673776026,0.6613599854422704,0.12996153744875563,0.7493967575330897,0.021174101635755126,9.648584658064713,0.21452729526571745,0.09684275127814179,5.347004196171152
E1,phantom,none,lowpass,8.0,8.0,32,,cs_fista,rect,,0.3784491954367731,20.601420352235557,0.7793983185105081,0.14322379352674036,0.7715849014862421,0.009085404234904044,9.648584658064713,0.21452729526571745,0.09684275127814179,5.347004196171152
E1,phantom,none,partial_fourier,1.8181818181818181,1.8156028368794326,141,0.55,zerofill,rect,,0.24071917858393357,24.531358222503975,0.750391187306917,0.05794572293812352,0.9346100000631552,0.038071931999484644,2.294197494767934,0.17103481202011656,0.0815151808734751,13.517727750633597
E1,phantom,none,partial_fourier,1.8181818181818181,1.8156028368794326,141,0.55,cs_fista,rect,,0.10617228221183707,31.641349022464127,0.968711538904766,0.011272553510069937,0.9842865997751852,0.006000893870085854,2.294197494767934,0.17103481202011656,0.0815151808734751,13.517727750633597
E1,phantom,none,partial_fourier,1.6,1.6,160,0.625,zerofill,rect,,0.13980559855273933,29.251080814031436,0.86469669071394,0.019545605386689643,0.9740369058127423,0.017895545694622754,1.8887160654748703,0.1273751015443507,0.0524255984932297,12.62175634771461
E1,phantom,none,partial_fourier,1.6,1.6,160,0.625,cs_fista,rect,,0.03763364406792802,40.650046615657715,0.9958644737828918,0.0014162911658314884,0.9985415336925373,0.0018904303474175052,1.8887160654748703,0.1273751015443507,0.0524255984932297,12.62175634771461
E1,phantom,none,partial_fourier,1.3333333333333333,1.3333333333333333,192,0.75,zerofill,rect,,0.08677897385234111,33.3932818707744,0.9277895813651204,0.007530590302865278,0.992728497790424,0.01137053141852576,1.4288020196807945,0.07079948657993371,0.032319956577151684,9.260229607832052
E1,phantom,none,partial_fourier,1.3333333333333333,1.3333333333333333,192,0.75,cs_fista,rect,,0.011494117284996436,50.95205959148667,0.9989728946974269,0.0001321147321612535,0.9998932459695368,0.0012973880245538347,1.4288020196807945,0.07079948657993371,0.032319956577151684,9.260229607832052
E1,phantom,smooth,full,1.0,1.0,256,,zerofill,rect,,3.2817476669005096e-16,321.8394683747442,0.9999999999999342,1.0769867749206916e-31,1.0,8.291528778504149e-17,1.0,0.0,0.0,0.0
E1,phantom,smooth,full,1.0,1.0,256,,cs_fista,rect,,0.005445612033017738,57.44063813305125,0.9993947419116288,2.9654690414147495e-05,0.9999763467280954,0.0013803569317747837,1.0,0.0,0.0,0.0
E1,phantom,smooth,uniform,2.0,2.0,128,,zerofill,rect,,0.602099022556057,16.56821363443925,0.6978501368676128,0.36252323296295896,0.6949062513188236,0.137285145632788,1.0,1.0,0.5,253.00000000000003
E1,phantom,smooth,uniform,2.0,2.0,128,,cs_fista,rect,,0.6024306094616482,16.563431473397156,0.6965579952033559,0.362922639216332,0.694824774858209,0.1369831308998199,1.0,1.0,0.5,253.00000000000003
E1,phantom,smooth,uniform,3.0,3.011764705882353,85,,zerofill,rect,,0.694191967994008,15.331980388990395,0.5277502511168628,0.4819024884273924,0.5540830618793121,0.14937986925064756,1.003937801648346,0.8282895188808512,0.6679585334794111,29.259186496506256
E1,phantom,smooth,uniform,3.0,3.011764705882353,85,,cs_fista,rect,,0.7027673594486785,15.225340434726437,0.5034381190619568,0.4938819615064668,0.5235365957734456,0.15163877005131843,1.003937801648346,0.8282895188808512,0.6679585334794111,29.259186496506256
E1,phantom,smooth,uniform,4.0,4.0,64,,zerofill,rect,,0.7288908069318957,14.908322622692197,0.49612616594508224,0.5312818084298284,0.46752820707094067,0.14554346297099613,1.0,1.0,0.75,84.33333333333334
E1,phantom,smooth,uniform,4.0,4.0,64,,cs_fista,rect,,0.7294618266389327,14.901520681521346,0.4965857459895775,0.5321145565234069,0.46699822152651554,0.14498692767569277,1.0,1.0,0.75,84.33333333333334
E1,phantom,smooth,uniform,6.0,5.953488372093023,43,,zerofill,rect,,0.7619666464457016,14.5228528501729,0.4587348811472759,0.5805931702957073,0.3638162330263816,0.1455321196113185,1.007818827799717,1.0,0.8320110302003585,18.547162443323394
E1,phantom,smooth,uniform,6.0,5.953488372093023,43,,cs_fista,rect,,0.7766762325803674,14.35677177164064,0.4287442694651009,0.6032259702552313,0.32203881005759954,0.1478250011755813,1.007818827799717,1.0,0.8320110302003585,18.547162443323394
E1,phantom,smooth,uniform,8.0,8.0,32,,zerofill,rect,,0.7777117324970455,14.345199063244669,0.4525135508321332,0.6048355388635547,0.3129134177507098,0.13111160044937054,1.0,1.0,0.875,36.142857142857146
E1,phantom,smooth,uniform,8.0,8.0,32,,cs_fista,rect,,0.7783617992384171,14.337941811982112,0.4560882492051974,0.6058470905136644,0.3119564082280537,0.1300404804937597,1.0,1.0,0.875,36.142857142857146
E1,phantom,smooth,uniform_acs,2.0,1.8285714285714285,140,,zerofill,rect,,0.2772733593817061,23.30340919267726,0.6630862896597184,0.07688051582281658,0.925777720045198,0.05972194533881461,1.092286074651199,0.8285714285714286,0.41834245981784557,58.34001840767572
E1,phantom,smooth,uniform_acs,2.0,1.8285714285714285,140,,cs_fista,rect,,0.14564998363996465,28.895363274335374,0.8664893820154382,0.021213917734321925,0.9692466279856621,0.028280615913169688,1.092286074651199,0.8285714285714286,0.41834245981784557,58.34001840767572
E1,phantom,smooth,uniform_acs,3.0,2.5346534653465347,101,,zerofill,rect,,0.32477280335954345,21.92997899697196,0.6016499580274668,0.10547737380201642,0.8642720287193002,0.06101130784053793,1.1897113456359114,0.6174329586490641,0.5191551662998724,20.554631083476092
E1,phantom,smooth,uniform_acs,3.0,2.5346534653465347,101,,cs_fista,rect,,0.10375701730891658,31.84122250513697,0.9054185692471899,0.010765518640842787,0.9849024245026594,0.01698862133811124,1.1897113456359114,0.6174329586490641,0.5191551662998724,20.554631083476092
E1,phantom,smooth,uniform_acs,4.0,3.1219512195121952,82,,zerofill,rect,,0.35086104506339044,21.258869025613514,0.5896846941311469,0.1231034729429742,0.8241941297140919,0.055940724198061294,1.2761544694411862,0.7073170731707317,0.545683483803307,23.56904506849979
E1,phantom,smooth,uniform_acs,4.0,3.1219512195121952,82,,cs_fista,rect,,0.211795174738928,25.643250848107733,0.7700860157920124,0.04485719604269294,0.9346206529965511,0.029358617853413434,1.2761544694411862,0.7073170731707317,0.545683483803307,23.56904506849979
E1,phantom,smooth,uniform_acs,6.0,4.063492063492063,63,,zerofill,rect,,0.37797105529649083,20.612401213837636,0.5689753463087417,0.14286211864194256,0.7738034449268885,0.0530355031344605,1.444438685944612,0.6190476190476191,0.5385309014548696,12.690863726877089
E1,phantom,smooth,uniform_acs,6.0,4.063492063492063,63,,cs_fista,rect,,0.22252722844811026,25.213908900507963,0.7687043420481001,0.04951836740079733,0.9306029420466805,0.02713717274082995,1.444438685944612,0.6190476190476191,0.5385309014548696,12.690863726877089
E1,phantom,smooth,uniform_acs,8.0,4.830188679245283,53,,zerofill,rect,,0.38898475712641845,20.362920412671087,0.561895404551819,0.15130914127669834,0.7536347340780764,0.04889908863481259,1.6405520508815907,0.5471698113207547,0.5139669616925538,10.840702796591168
E1,phantom,smooth,uniform_acs,8.0,4.830188679245283,53,,cs_fista,rect,,0.2772162955506254,23.30519696323865,0.6999679339005219,0.07684887451881153,0.8856104612028114,0.02968112588265811,1.6405520508815907,0.5471698113207547,0.5139669616925538,10.840702796591168
E1,phantom,smooth,random,2.0,2.0,128,,zerofill,rect,0.0,0.5761614843294821,16.95068762047492,0.471886769199796,0.33196205602475126,0.7855999196744432,0.1378387607608616,1.0595350739044254,0.1467412750190245,0.49562752709178226,2.668089113833998
E1,phantom,smooth,random,2.0,2.0,128,,cs_fista,rect,0.0,0.27967641923921643,23.228455065594304,0.6562878923149938,0.07821889947846979,0.980506772682097,0.07885630889148287,1.0595350739044254,0.1467412750190245,0.49562752709178226,2.668089113833998
E1,phantom,smooth,random,3.0,3.011764705882353,85,,zerofill,rect,0.0,0.6658202450891273,15.694432152312869,0.43156257973104156,0.44331659877054447,0.6811910883256741,0.1437562807559246,1.110945948235747,0.20818190817012353,0.6553962805854455,2.6287337461417755
E1,phantom,smooth,random,3.0,3.011764705882353,85,,cs_fista,rect,0.0,0.4379445860283696,19.333188840702967,0.6062890119068725,0.19179546043155957,0.920060831290222,0.114441598167755,1.110945948235747,0.20818190817012353,0.6553962805854455,2.6287337461417755
E1,phantom,smooth,random,4.0,4.0,64,,zerofill,rect,0.0,0.6760880104414043,15.561507391059289,0.4416210832596754,0.4570949978626152,0.5848436622962951,0.13425109318775563,1.0843869004194917,0.2047239417875505,0.7469720301275161,2.0794335614422916
E1,phantom,smooth,random,4.0,4.0,64,,cs_fista,rect,0.0,0.4990019557871104,18.19952712198225,0.537520909086062,0.2490029518793607,0.8601400739964674,0.11828280470514574,1.0843869004194917,0.2047239417875505,0.7469720301275161,2.0794335614422916
E1,phantom,smooth,random,6.0,5.953488372093023,43,,zerofill,rect,0.0,0.6782096398384208,15.534292910007608,0.46166165109867346,0.45996831556975915,0.5367496982347372,0.11297536055627452,1.1029593399510171,0.34022506921945167,0.8291039247417131,2.7496999229426047
E1,phantom,smooth,random,6.0,5.953488372093023,43,,cs_fista,rect,0.0,0.5720852078599388,17.012357706747817,0.4783286494306601,0.3272814850521485,0.7389223495578956,0.10407418962470916,1.1029593399510171,0.34022506921945167,0.8291039247417131,2.7496999229426047
E1,phantom,smooth,random,8.0,8.0,32,,zerofill,rect,0.0,0.7488761783756137,14.673371758526217,0.43899693961346364,0.5608155305384627,0.4127596492844639,0.13653060010728968,1.2301511318452072,0.3985017693530075,0.8613116089903986,2.7286602831111404
E1,phantom,smooth,random,8.0,8.0,32,,cs_fista,rect,0.0,0.6908315260939438,15.374129110480325,0.42635608353736276,0.47724819744528646,0.5402169018056917,0.13883261581285652,1.2301511318452072,0.3985017693530075,0.8613116089903986,2.7286602831111404
E1,phantom,smooth,vardens,2.0,2.0,128,,zerofill,rect,0.0,0.16320967412506213,27.90665412507995,0.6703631984757311,0.026637397728008907,0.9791916524470133,0.02916892517204142,2.078730310008731,0.08621872734963316,0.22953328286426,2.2375130464641027
E1,phantom,smooth,vardens,2.0,2.0,128,,cs_fista,rect,0.0,0.05288359579960389,37.69515253464118,0.993616663228002,0.0027966747046958766,0.9981563118111468,0.0014190837638322785,2.078730310008731,0.08621872734963316,0.22953328286426,2.2375130464641027
E1,phantom,smooth,vardens,3.0,3.011764705882353,85,,zerofill,rect,0.0,0.26626429622471637,23.6553133749654,0.5618131198443606,0.07089667544404334,0.9301551549973279,0.054691734346211274,2.6166723106843808,0.15284656293975607,0.3625007230024461,2.604390729326232
E1,phantom,smooth,vardens,3.0,3.011764705882353,85,,cs_fista,rect,0.0,0.07491102893747734,34.6706568310391,0.9693111980494686,0.005611662256471552,0.996058821265494,0.0036794072065252873,2.6166723106843808,0.15284656293975607,0.3625007230024461,2.604390729326232
E1,phantom,smooth,vardens,4.0,4.0,64,,zerofill,rect,0.0,0.3261553197919107,21.893082747496845,0.5476954513695902,0.10637729262856327,0.8761247309310399,0.06051343429623248,2.9878485932783567,0.2057892318278708,0.42962887554007817,2.786025143375713
E1,phantom,smooth,vardens,4.0,4.0,64,,cs_fista,rect,0.0,0.11837764717047718,30.6961780010107,0.8901975386217424,0.014013267349617949,0.9870293155444502,0.010065927426615317,2.9878485932783567,0.2057892318278708,0.42962887554007817,2.786025143375713
E1,phantom,smooth,vardens,6.0,5.953488372093023,43,,zerofill,rect,0.0,0.4026389229825624,20.063256964015387,0.5235802780323212,0.16211810230055737,0.7777584832818621,0.05699087759756696,3.547975528661631,0.2285562617357347,0.4623118399494052,2.3314445750117687
E1,phantom,smooth,vardens,6.0,5.953488372093023,43,,cs_fista,rect,0.0,0.2464881586767439,24.325650866954803,0.6892885066299709,0.06075641236785154,0.9221368122407628,0.027427048311796196,3.547975528661631,0.2285562617357347,0.4623118399494052,2.3314445750117687
E1,phantom,smooth,vardens,8.0,8.0,32,,zerofill,rect,0.0,0.4367418918671087,19.35707505730861,0.5531528901349279,0.19074348011166087,0.6925083523898146,0.046551085194145136,7.126445970666286,0.2792381895022418,0.4216235455810795,2.584255559643992
E1,phantom,smooth,vardens,8.0,8.0,32,,cs_fista,rect,0.0,0.35672345268834826,21.114938820932885,0.633244910269382,0.12725162169789586,0.8145613295718467,0.030627306423224022,7.126445970666286,0.2792381895022418,0.4216235455810795,2.584255559643992
E1,phantom,smooth,lowpass,2.0,2.0,128,,zerofill,rect,,0.15027002308032308,28.62412501570283,0.9045877731059327,0.02258107983656078,0.9796984147211998,0.010359988255581971,2.4292430994278496,0.2122545352700706,0.09469491976576525,19.176733633344114
E1,phantom,smooth,lowpass,2.0,2.0,128,,cs_fista,rect,,0.1597858341193886,28.09080659549492,0.9685535763222075,0.025531512785228694,0.9692083392797215,0.0064985201162664884,2.4292430994278496,0.2122545352700706,0.09469491976576525,19.176733633344114
E1,phantom,smooth,lowpass,3.0,3.011764705882353,85,,zerofill,rect,,0.19811167671419583,26.22337060525379,0.8340008317478667,0.03924823645050994,0.9520512696226789,0.013803474590172421,3.596806684307742,0.20565321185182014,0.09683705621497252,10.96216515660342
E1,phantom,smooth,lowpass,3.0,3.011764705882353,85,,cs_fista,rect,,0.22793592397960563,25.005316521570133,0.9424519817263419,0.051954785440436434,0.9407275509160972,0.00433259443055869,3.596806684307742,0.20565321185182014,0.09683705621497252,10.96216515660342
E1,phantom,smooth,lowpass,4.0,4.0,64,,zerofill,rect,,0.24038906860570947,24.543277782420056,0.8118333542252609,0.05778690430512033,0.8971809371472454,0.013541287957766152,4.812359275116492,0.21239845973980112,0.09695986973145507,9.260229607832052
E1,phantom,smooth,lowpass,4.0,4.0,64,,cs_fista,rect,,0.288156770775776,22.96899550620067,0.9016467975678719,0.08303432454392297,0.8704155218404257,0.006333973221447848,4.812359275116492,0.21239845973980112,0.09695986973145507,9.260229607832052
E1,phantom,smooth,lowpass,6.0,5.953488372093023,43,,zerofill,rect,,0.29843432872699455,22.66459651166513,0.7263788359594374,0.08906304856273163,0.8227304992194505,0.016747013477980657,7.170044990458969,0.21084730587529024,0.09688693262685416,6.479374875576116
E1,phantom,smooth,lowpass,6.0,5.953488372093023,43,,cs_fista,rect,,0.32058377047338665,22.04274142891761,0.8761047529253755,0.10277395389093277,0.8289342535792168,0.005688892354291414,7.170044990458969,0.21084730587529024,0.09688693262685416,6.479374875576116
E1,phantom,smooth,lowpass,8.0,8.0,32,,zerofill,rect,,0.3567519524513692,21.114244905502414,0.6713443218308988,0.1272719555778637,0.7523128733207481,0.019864901653347797,9.648584658064713,0.21452729526571745,0.09684275127814179,5.347004196171152
E1,phantom,smooth,lowpass,8.0,8.0,32,,cs_fista,rect,,0.38669910591684076,20.41410871904708,0.7724586844061897,0.1495361985168836,0.7700025625996555,0.009582820575511762,9.648584658064713,0.21452729526571745,0.09684275127814179,5.347004196171152
E1,phantom,smooth,partial_fourier,1.8181818181818181,1.8156028368794326,141,0.55,zerofill,rect,,0.24308591053910894,24.44637632788037,0.7404862305567047,0.05909075990262753,0.9309044495679681,0.03794129104063455,2.294197494767934,0.17103481202011656,0.0815151808734751,13.517727750633597
E1,phantom,smooth,partial_fourier,1.8181818181818181,1.8156028368794326,141,0.55,cs_fista,rect,,0.12249404506542226,30.39927255018008,0.9604789345171084,0.01500479107648966,0.9771903985339108,0.00732663410956494,2.294197494767934,0.17103481202011656,0.0815151808734751,13.517727750633597
E1,phantom,smooth,partial_fourier,1.6,1.6,160,0.625,zerofill,rect,,0.14165384392381805,29.137004797030826,0.8598168856731996,0.020065811498393347,0.9734579750703727,0.018585476146869187,1.8887160654748703,0.1273751015443507,0.0524255984932297,12.62175634771461
E1,phantom,smooth,partial_fourier,1.6,1.6,160,0.625,cs_fista,rect,,0.044094975623126094,39.27378994098007,0.9941931156672877,0.0019443668752040795,0.9979365361133402,0.0028214978879426795,1.8887160654748703,0.1273751015443507,0.0524255984932297,12.62175634771461
E1,phantom,smooth,partial_fourier,1.3333333333333333,1.3333333333333333,192,0.75,zerofill,rect,,0.08632188570790784,33.43915369850838,0.9250235125210726,0.007451467952169089,0.9929110028309931,0.011242892714077602,1.4288020196807945,0.07079948657993371,0.032319956577151684,9.260229607832052
E1,phantom,smooth,partial_fourier,1.3333333333333333,1.3333333333333333,192,0.75,cs_fista,rect,,0.014843603956756442,48.730784910179736,0.9987816499179757,0.00022033257842503498,0.999819258135783,0.0014311570887144667,1.4288020196807945,0.07079948657993371,0.032319956577151684,9.260229607832052
E4,brain,none,lowpass,4.0,4.0,64,0.25,apodized,rect,,0.11932238712702786,34.170534016417875,0.927892039458803,0.014237832069692319,0.9240887047384105,0.005989549839526639,4.812359275116492,0.21239845973980112,0.09695986973145507,9.260229607832052
E4,brain,none,lowpass,4.0,4.0,64,0.25,apodized,hann,,0.1982843539095144,29.759203748478832,0.9333851809119794,0.039316685005313594,0.8483191763218496,0.004305376966275031,4.812359275116492,0.21239845973980112,0.09695986973145507,9.260229607832052
E4,brain,none,lowpass,4.0,4.0,64,0.25,apodized,hamming,,0.18840749907074505,30.203008983920746,0.9385715019722038,0.035497385706092836,0.861062932920129,0.004074880383872442,4.812359275116492,0.21239845973980112,0.09695986973145507,9.260229607832052
E4,brain,none,lowpass,4.0,4.0,64,0.25,apodized,tukey,,0.14402083445003874,32.53646622171148,0.9485371229622876,0.02074200075568549,0.8954313529434774,0.003273500341476431,4.812359275116492,0.21239845973980112,0.09695986973145507,9.260229607832052
E4,brain,none,lowpass,4.0,4.0,64,0.25,apodized,blackman,,0.22976477744090607,28.479303622568644,0.9176905470993312,0.052791852952469145,0.8178915147027259,0.005092572003305412,4.812359275116492,0.21239845973980112,0.09695986973145507,9.260229607832052
E4,brain,none,lowpass,2.0,2.0,128,0.5,apodized,rect,,0.03868535692148226,43.95404051660656,0.9874924698861929,0.0014965568401424775,0.9931876283908617,0.003579010485004081,2.4292430994278496,0.2122545352700706,0.09469491976576525,19.176733633344114
E4,brain,none,lowpass,2.0,2.0,128,0.5,apodized,hann,,0.10879788785311029,34.97256339376302,0.9757380150602496,0.011836980401297978,0.9420689532031635,0.004128172465919967,2.4292430994278496,0.2122545352700706,0.09469491976576525,19.176733633344114
E4,brain,none,lowpass,2.0,2.0,128,0.5,apodized,hamming,,0.10127732161044652,35.59472853054652,0.9787508049380649,0.010257095872585833,0.950267402031581,0.003899807812296268,2.4292430994278496,0.2122545352700706,0.09469491976576525,19.176733633344114
E4,brain,none,lowpass,2.0,2.0,128,0.5,apodized,tukey,,0.06485729861205786,39.465795563135856,0.9871424244449762,0.004206469183253646,0.9749416292329973,0.00296202590397222,2.4292430994278496,0.2122545352700706,0.09469491976576525,19.176733633344114
E4,brain,none,lowpass,2.0,2.0,128,0.5,apodized,blackman,,0.13114849242387722,33.34970662599984,0.9666126221894006,0.017199927065055798,0.9218694397849082,0.004804570847349097,2.4292430994278496,0.2122545352700706,0.09469491976576525,19.176733633344114
E4,phantom,none,lowpass,4.0,4.0,64,0.25,apodized,rect,,0.24115100939687587,24.51579039581047,0.7991614286777323,0.058153809333131946,0.8964293828141102,0.01513904357354961,4.812359275116492,0.21239845973980112,0.09695986973145507,9.260229607832052
E4,phantom,none,lowpass,4.0,4.0,64,0.25,apodized,hann,,0.3362781325694932,21.627599537696874,0.9010474895455627,0.11308298244442529,0.7842173268755013,0.000428440059606839,4.812359275116492,0.21239845973980112,0.09695986973145507,9.260229607832052
E4,phantom,none,lowpass,4.0,4.0,64,0.25,apodized,hamming,,0.32355989637177407,21.96247832496261,0.9074708490851404,0.10469100654011283,0.8022938282350776,0.0009379497856722028,4.812359275116492,0.21239845973980112,0.09695986973145507,9.260229607832052
E4,phantom,none,lowpass,4.0,4.0,64,0.25,apodized,tukey,,0.2721445906527081,23.46557795036552,0.8859205308349936,0.07406267822152983,0.8504211254068981,0.0045085841362098355,4.812359275116492,0.21239845973980112,0.09695986973145507,9.260229607832052
E4,phantom,none,lowpass,4.0,4.0,64,0.25,apodized,blackman,,0.3722957575504553,20.743810332005133,0.8802228930531268,0.138604131090067,0.7461872852200442,7.005391946545966e-05,4.812359275116492,0.21239845973980112,0.09695986973145507,9.260229607832052
E4,phantom,none,lowpass,2.0,2.0,128,0.5,apodized,rect,,0.15031569386373794,28.62148555969999,0.9048344066794501,0.02259480782173692,0.9795583393116818,0.01043847073661323,2.4292430994278496,0.2122545352700706,0.09469491976576525,19.176733633344114
E4,phantom,none,lowpass,2.0,2.0,128,0.5,apodized,hann,,0.2231479468928465,25.189714169943166,0.9574511674920851,0.049795006202492484,0.9215535978032953,0.0003215983948457358,2.4292430994278496,0.2122545352700706,0.09469491976576525,19.176733633344114
E4,phantom,none,lowpass,2.0,2.0,128,0.5,apodized,hamming,,0.21359982766573316,25.569554118693375,0.9604767002469001,0.045624886378830776,0.9320275151593037,0.0006431370527159633,2.4292430994278496,0.2122545352700706,0.09469491976576525,19.176733633344114
E4,phantom,none,lowpass,2.0,2.0,128,0.5,apodized,tukey,,0.1722355606867252,27.439115614644013,0.9545860154404754,0.0296650883650705,0.9709579752193895,0.0032065898437898133,2.4292430994278496,0.2122545352700706,0.09469491976576525,19.176733633344114
E4,phantom,none,lowpass,2.0,2.0,128,0.5,apodized,blackman,,0.25100361937221677,24.16797240037973,0.9460333443573636,0.0630028169379525,0.8920438581297739,4.9723395853036505e-05,2.4292430994278496,0.2122545352700706,0.09469491976576525,19.176733633344114
E5,brain,none,partial_fourier,1.8181818181818181,1.8156028368794326,141,0.55,zerofill,rect,,0.13382704217398952,33.17409509213153,0.8775673230328543,0.017909677217038792,0.9508994448705457,0.01596021873055327,2.294197494767934,0.17103481202011656,0.0815151808734751,13.517727750633597
E5,brain,none,partial_fourier,1.8181818181818181,1.8156028368794326,141,0.55,conjugate_symmetry,rect,,3.148593734681091e-16,325.7426401407671,1.000000000000005,9.913642506073033e-32,1.0,5.4290035182071953e-17,2.294197494767934,0.17103481202011656,0.0815151808734751,13.517727750633597
E5,brain,none,partial_fourier,1.8181818181818181,1.8156028368794326,141,0.55,pocs,rect,,0.0001623217907814119,91.49743617289074,0.999998382631389,2.63483637624845e-08,0.9999999422923047,2.799933655750736e-05,2.294197494767934,0.17103481202011656,0.0815151808734751,13.517727750633597
E5,brain,none,partial_fourier,1.6,1.6,160,0.625,zerofill,rect,,0.062293104673472266,39.8161731482589,0.9668212038698635,0.0038804308898601775,0.9804276358769266,0.006004061089640355,1.8887160654748703,0.1273751015443507,0.0524255984932297,12.62175634771461
E5,brain,none,partial_fourier,1.6,1.6,160,0.625,conjugate_symmetry,rect,,3.099900114520908e-16,325.87801867613257,0.9999999999999981,9.609380720006751e-32,1.0,5.407750062140552e-17,1.8887160654748703,0.1273751015443507,0.0524255984932297,12.62175634771461
E5,brain,none,partial_fourier,1.6,1.6,160,0.625,pocs,rect,,7.708625982225228e-05,97.96543318955551,0.9999997618338389,5.942291453383795e-09,0.9999999841262929,2.7913736780404463e-05,1.8887160654748703,0.1273751015443507,0.0524255984932297,12.62175634771461
E5,brain,none,partial_fourier,1.3333333333333333,1.3333333333333333,192,0.75,zerofill,rect,,0.020834253620151615,49.32941374671537,0.9940701315524048,0.00043406612390880107,0.9979983226688666,0.00265555575912229,1.4288020196807945,0.07079948657993371,0.032319956577151684,9.260229607832052
E5,brain,none,partial_fourier,1.3333333333333333,1.3333333333333333,192,0.75,conjugate_symmetry,rect,,3.0382723999699025e-16,326.0524385098571,1.0000000000000022,9.23109917641888e-32,1.0,5.294431844279569e-17,1.4288020196807945,0.07079948657993371,0.032319956577151684,9.260229607832052
E5,brain,none,partial_fourier,1.3333333333333333,1.3333333333333333,192,0.75,pocs,rect,,2.769121937160343e-05,106.85813107623989,0.9999999815698699,7.66803630286266e-10,0.9999999979983883,9.164017278747281e-06,1.4288020196807945,0.07079948657993371,0.032319956577151684,9.260229607832052
E5,brain,smooth,partial_fourier,1.8181818181818181,1.8156028368794326,141,0.55,zerofill,rect,,0.14115679262803812,32.71093704443081,0.8647519471852555,0.01992524010503497,0.9490970524862664,0.0167769196022701,2.294197494767934,0.17103481202011656,0.0815151808734751,13.517727750633597
E5,brain,smooth,partial_fourier,1.8181818181818181,1.8156028368794326,141,0.55,conjugate_symmetry,rect,,0.14216457274331415,32.64914499590678,0.8746720799744162,0.02021076574328907,0.934692415341358,0.01826820355241055,2.294197494767934,0.17103481202011656,0.0815151808734751,13.517727750633597
E5,brain,smooth,partial_fourier,1.8181818181818181,1.8156028368794326,141,0.55,pocs,rect,,0.0220436242590088,48.839312684777305,0.9953288055569119,0.0004859213704723616,0.9984659564631109,0.0023700555860168,2.294197494767934,0.17103481202011656,0.0815151808734751,13.517727750633597
E5,brain,smooth,partial_fourier,1.6,1.6,160,0.625,zerofill,rect,,0.06388180200250387,39.59742951148794,0.9661871394839958,0.004080884627087112,0.9795943643585133,0.0060769403386665925,1.8887160654748703,0.1273751015443507,0.0524255984932297,12.62175634771461
E5,brain,smooth,partial_fourier,1.6,1.6,160,0.625,conjugate_symmetry,rect,,0.059858712499189476,40.16242525187012,0.9651502852974123,0.0035830654620606257,0.9836963907664412,0.006603074151030696,1.8887160654748703,0.1273751015443507,0.0524255984932297,12.62175634771461
E5,brain,smooth,partial_fourier,1.6,1.6,160,0.625,pocs,rect,,0.0037845144688919783,64.14476927992128,0.9999173389675899,1.4322549765252744e-05,0.9999115510651584,0.00035509036449803935,1.8887160654748703,0.1273751015443507,0.0524255984932297,12.62175634771461
E5,brain,smooth,partial_fourier,1.3333333333333333,1.3333333333333333,192,0.75,zerofill,rect,,0.021307527446145173,49.13431154863548,0.9937891445201358,0.00045401072586823024,0.9978694770014459,0.002760242085787064,1.4288020196807945,0.07079948657993371,0.032319956577151684,9.260229607832052
E5,brain,smooth,partial_fourier,1.3333333333333333,1.3333333333333333,192,0.75,conjugate_symmetry,rect,,0.020751143532188435,49.36413199217661,0.9924427880553555,0.0004306099578934864,0.9984806924960418,0.0030346043524319853,1.4288020196807945,0.07079948657993371,0.032319956577151684,9.260229607832052
E5,brain,smooth,partial_fourier,1.3333333333333333,1.3333333333333333,192,0.75,pocs,rect,,0.0007875712886835954,77.77917517267781,0.9999968385504633,6.202685347587397e-07,0.9999964387230951,7.89943578715422e-05,1.4288020196807945,0.07079948657993371,0.032319956577151684,9.260229607832052
E5,phantom,none,partial_fourier,1.8181818181818181,1.8156028368794326,141,0.55,zerofill,rect,,0.24071917858393357,24.531358222503975,0.750391187306917,0.05794572293812352,0.9346100000631552,0.038071931999484644,2.294197494767934,0.17103481202011656,0.0815151808734751,13.517727750633597
E5,phantom,none,partial_fourier,1.8181818181818181,1.8156028368794326,141,0.55,conjugate_symmetry,rect,,3.2283824022417204e-16,321.98187265147465,1.0000000000000135,1.0422452935103987e-31,1.0,8.030202178279732e-17,2.294197494767934,0.17103481202011656,0.0815151808734751,13.517727750633597
E5,phantom,none,partial_fourier,1.8181818181818181,1.8156028368794326,141,0.55,pocs,rect,,1.2379123184026028e-05,110.30777438594603,0.9999999702094322,1.5324269080529028e-10,0.9999999997673839,3.376901638001926e-06,2.294197494767934,0.17103481202011656,0.0815151808734751,13.517727750633597
E5,phantom,none,partial_fourier,1.6,1.6,160,0.625,zerofill,rect,,0.13980559855273933,29.251080814031436,0.86469669071394,0.019545605386689643,0.9740369058127423,0.017895545694622754,1.8887160654748703,0.1273751015443507,0.0524255984932297,12.62175634771461
E5,phantom,none,partial_fourier,1.6,1.6,160,0.625,conjugate_symmetry,rect,,3.1755504368551716e-16,322.12519177851794,1.0000000000000089,1.008412057701104e-31,1.0,7.936254639729766e-17,1.8887160654748703,0.1273751015443507,0.0524255984932297,12.62175634771461
E5,phantom,none,partial_fourier,1.6,1.6,160,0.625,pocs,rect,,5.354560066499938e-06,117.58709618260788,0.9999999959149459,2.8671313505755725e-11,0.9999999999647526,1.9534236259489834e-06,1.8887160654748703,0.1273751015443507,0.0524255984932297,12.62175634771461
E5,phantom,none,partial_fourier,1.3333333333333333,1.3333333333333333,192,0.75,zerofill,rect,,0.08677897385234111,33.3932818707744,0.9277895813651204,0.007530590302865278,0.992728497790424,0.01137053141852576,1.4288020196807945,0.07079948657993371,0.032319956577151684,9.260229607832052
E5,phantom,none,partial_fourier,1.3333333333333333,1.3333333333333333,192,0.75,conjugate_symmetry,rect,,3.144547408146608e-16,322.2104091445981,0.9999999999999979,9.888178402081521e-32,1.0,7.816886305081403e-17,1.4288020196807945,0.07079948657993371,0.032319956577151684,9.260229607832052
E5,phantom,none,partial_fourier,1.3333333333333333,1.3333333333333333,192,0.75,pocs,rect,,1.3198681859783419e-06,129.75096086235106,0.9999999997397149,1.7420520283577533e-12,0.9999999999978024,1.736649275164494e-07,1.4288020196807945,0.07079948657993371,0.032319956577151684,9.260229607832052
E5,phantom,smooth,partial_fourier,1.8181818181818181,1.8156028368794326,141,0.55,zerofill,rect,,0.24308591053910894,24.44637632788037,0.7404862305567047,0.05909075990262753,0.9309044495679681,0.03794129104063455,2.294197494767934,0.17103481202011656,0.0815151808734751,13.517727750633597
E5,phantom,smooth,partial_fourier,1.8181818181818181,1.8156028368794326,141,0.55,conjugate_symmetry,rect,,0.2827908510996781,23.132264978388797,0.7249443165259986,0.07997066546568012,0.9041219612052751,0.04737525843222721,2.294197494767934,0.17103481202011656,0.0815151808734751,13.517727750633597
E5,phantom,smooth,partial_fourier,1.8181818181818181,1.8156028368794326,141,0.55,pocs,rect,,0.024226103081874957,44.4759008617912,0.9822140170714954,0.0005869040705336298,0.9992219015669415,0.003503690908143176,2.294197494767934,0.17103481202011656,0.0815151808734751,13.517727750633597
E5,phantom,smooth,partial_fourier,1.6,1.6,160,0.625,zerofill,rect,,0.14165384392381805,29.137004797030826,0.8598168856731996,0.020065811498393347,0.9734579750703727,0.018585476146869187,1.8887160654748703,0.1273751015443507,0.0524255984932297,12.62175634771461
E5,phantom,smooth,partial_fourier,1.6,1.6,160,0.625,conjugate_symmetry,rect,,0.15499111531994833,28.35543600851657,0.8737837483265576,0.024022245828121465,0.9602569801629648,0.0166790146506751,1.8887160654748703,0.1273751015443507,0.0524255984932297,12.62175634771461
E5,phantom,smooth,partial_fourier,1.6,1.6,160,0.625,pocs,rect,,0.008473967134737135,53.59983657178658,0.9980426071118221,7.180811900060492e-05,0.9998831373303216,0.001062660046656432,1.8887160654748703,0.1273751015443507,0.0524255984932297,12.62175634771461
E5,phantom,smooth,partial_fourier,1.3333333333333333,1.3333333333333333,192,0.75,zerofill,rect,,0.08632188570790784,33.43915369850838,0.9250235125210726,0.007451467952169089,0.9929110028309931,0.011242892714077602,1.4288020196807945,0.07079948657993371,0.032319956577151684,9.260229607832052
E5,phantom,smooth,partial_fourier,1.3333333333333333,1.3333333333333333,192,0.75,conjugate_symmetry,rect,,0.09990593247987391,32.16974652430846,0.9251330134079535,0.009981195344673097,0.987769051340862,0.012774323556203964,1.4288020196807945,0.07079948657993371,0.032319956577151684,9.260229607832052
E5,phantom,smooth,partial_fourier,1.3333333333333333,1.3333333333333333,192,0.75,pocs,rect,,0.0029306673880123224,62.82224144613806,0.9997357429938578,8.588811339158946e-06,0.9999890992620231,0.0004512934309467292,1.4288020196807945,0.07079948657993371,0.032319956577151684,9.260229607832052
